{"energy_min": -1.4294779300689697, "energy_max": 6.692257881164551}