{"mel_min": -11.512925148010254, "mel_max": 2.0277152061462402}