{"pitch_min": -2.7382397651672363, "pitch_max": 8.901924133300781}